,competition_group,electric_utility,gas_utility,building_type,time,total_stock,total_below_baseline_stock,total_baseline_stock,total_efficient_stock,total_top10_stock,adoption_flow_below_baseline_rob,adoption_flow_baseline_rob,adoption_flow_efficient_rob,adoption_flow_top10_rob,adoption_flow_below_baseline_ret_er,adoption_flow_baseline_ret_er,adoption_flow_efficient_ret_er,adoption_flow_top10_ret_er,adoption_flow_below_baseline_nc,adoption_flow_baseline_nc,adoption_flow_efficient_nc,adoption_flow_top10_nc,adoption_flow_below_baseline_demo,adoption_flow_baseline_demo,adoption_flow_efficient_demo,adoption_flow_top10_demo,adoption_flow_below_baseline_reno,adoption_flow_baseline_reno,adoption_flow_efficient_reno,adoption_flow_top10_reno
0,refrigeration,test_utility_1,test_utility_1,single_family,0,125000.0,0.0,25000.0,100000.0,0.0,0.0,0.0,0.0,0.0,0.0,0.0,0.0,0.0,0.0,0.0,0.0,0.0,0.0,0.0,0.0,0.0,0.0,0.0,0.0,0.0
1,refrigeration,test_utility_1,test_utility_1,single_family,1,125000.0,0.0,17500.0,98834.12167825544,8665.878321744553,0.0,0.0,6411.110319364247,6088.889680635753,0.0,0.0,2423.0113588912,2576.9886411088,0.0,0.0,0.0,0.0,0.0,0.0,0.0,0.0,0.0,0.0,0.0,0.0
2,refrigeration,test_utility_1,test_utility_1,single_family,2,125000.0,0.0,13125.0,96118.50306499028,15756.49693500973,0.0,0.0,5769.999287427822,5480.000712572178,0.0,0.0,1514.382099307,1610.617900693,0.0,0.0,0.0,0.0,0.0,0.0,0.0,0.0,0.0,0.0,0.0,0.0
3,refrigeration,test_utility_1,test_utility_1,single_family,3,125000.0,0.0,10000.0,92779.45251589548,22220.54748410452,0.0,0.0,5449.44377145961,5175.55622854039,0.0,0.0,1211.5056794456,1288.4943205544,0.0,0.0,0.0,0.0,0.0,0.0,0.0,0.0,0.0,0.0,0.0,0.0
4,refrigeration,test_utility_1,test_utility_1,single_family,4,125000.0,0.0,7343.75,89204.40510385123,28451.844896148767,0.0,0.0,5289.166013475504,5023.333986524496,0.0,0.0,1135.78657448025,1207.96342551975,0.0,0.0,0.0,0.0,0.0,0.0,0.0,0.0,0.0,0.0,0.0,0.0
5,refrigeration,test_utility_1,test_utility_1,single_family,5,125000.0,0.0,4843.75,85549.21881281494,34607.031187185064,0.0,0.0,5209.02713448345,4947.22286551655,0.0,0.0,1135.78657448025,1207.96342551975,0.0,0.0,0.0,0.0,0.0,0.0,0.0,0.0,0.0,0.0,0.0,0.0
6,refrigeration,test_utility_1,test_utility_1,single_family,6,125000.0,0.0,2343.75,81894.03252177863,40762.21747822136,0.0,0.0,5209.02713448345,4947.22286551655,0.0,0.0,1135.78657448025,1207.96342551975,0.0,0.0,0.0,0.0,0.0,0.0,0.0,0.0,0.0,0.0,0.0,0.0
7,refrigeration,test_utility_1,test_utility_1,single_family,7,125000.0,0.0,1093.75,77633.09339101953,46273.15660898046,0.0,0.0,5209.02713448345,4947.22286551655,0.0,0.0,530.03373475745,563.71626524255,0.0,0.0,0.0,0.0,0.0,0.0,0.0,0.0,0.0,0.0,0.0,0.0
8,refrigeration,test_utility_1,test_utility_1,single_family,8,125000.0,0.0,468.75,73069.27784039904,51461.97215960096,0.0,0.0,5209.02713448345,4947.22286551655,0.0,0.0,227.15731489605,241.59268510395,0.0,0.0,0.0,0.0,0.0,0.0,0.0,0.0,0.0,0.0,0.0,0.0
9,refrigeration,test_utility_1,test_utility_1,single_family,9,125000.00000000001,0.0,156.25,68354.02407984785,56489.72592015217,0.0,0.0,5209.02713448345,4947.22286551655,0.0,0.0,75.71910496535,80.53089503465,0.0,0.0,0.0,0.0,0.0,0.0,0.0,0.0,0.0,0.0,0.0,0.0
10,refrigeration,test_utility_1,test_utility_1,single_family,10,125000.0,0.0,0.0,63563.051214331295,61436.94878566871,0.0,0.0,5209.02713448345,4947.22286551655,0.0,0.0,0.0,0.0,0.0,0.0,0.0,0.0,0.0,0.0,0.0,0.0,0.0,0.0,0.0,0.0
11,refrigeration,test_utility_1,test_utility_1,single_family,11,125000.0,0.0,0.0,63704.48398318578,61295.51601681422,0.0,0.0,8975.554447109946,8524.445552890054,0.0,0.0,0.0,0.0,0.0,0.0,0.0,0.0,0.0,0.0,0.0,0.0,0.0,0.0,0.0,0.0
12,refrigeration,test_utility_1,test_utility_1,single_family,12,125000.0,0.0,0.0,63792.879463719844,61207.120536280156,0.0,0.0,7372.7768672688835,7002.2231327311165,0.0,0.0,0.0,0.0,0.0,0.0,0.0,0.0,0.0,0.0,0.0,0.0,0.0,0.0,0.0,0.0
13,refrigeration,test_utility_1,test_utility_1,single_family,13,125000.0,0.0,0.0,63863.595848147095,61136.404151852905,0.0,0.0,6731.665835332459,6393.334164667541,0.0,0.0,0.0,0.0,0.0,0.0,0.0,0.0,0.0,0.0,0.0,0.0,0.0,0.0,0.0,0.0
14,refrigeration,test_utility_1,test_utility_1,single_family,14,125000.0,0.0,0.0,63929.89245854764,61070.10754145236,0.0,0.0,6491.2491983562995,6165.0008016437005,0.0,0.0,0.0,0.0,0.0,0.0,0.0,0.0,0.0,0.0,0.0,0.0,0.0,0.0,0.0,0.0
15,refrigeration,test_utility_1,test_utility_1,single_family,15,125000.0,0.0,0.0,63996.18906894819,61003.81093105181,0.0,0.0,6411.110319364247,6088.889680635753,0.0,0.0,0.0,0.0,0.0,0.0,0.0,0.0,0.0,0.0,0.0,0.0,0.0,0.0,0.0,0.0
16,refrigeration,test_utility_1,test_utility_1,single_family,16,125000.0,0.0,0.0,64062.485679348734,60937.514320651266,0.0,0.0,6411.110319364247,6088.889680635753,0.0,0.0,0.0,0.0,0.0,0.0,0.0,0.0,0.0,0.0,0.0,0.0,0.0,0.0,0.0,0.0
17,refrigeration,test_utility_1,test_utility_1,single_family,17,125000.0,0.0,0.0,64093.42409753566,60906.57590246435,0.0,0.0,5769.999287427822,5480.000712572178,0.0,0.0,0.0,0.0,0.0,0.0,0.0,0.0,0.0,0.0,0.0,0.0,0.0,0.0,0.0,0.0
18,refrigeration,test_utility_1,test_utility_1,single_family,18,125000.0,0.0,0.0,64106.68341961577,60893.316580384235,0.0,0.0,5449.44377145961,5175.55622854039,0.0,0.0,0.0,0.0,0.0,0.0,0.0,0.0,0.0,0.0,0.0,0.0,0.0,0.0,0.0,0.0
19,refrigeration,test_utility_1,test_utility_1,single_family,19,125000.0,0.0,0.0,64111.10319364247,60888.89680635753,0.0,0.0,5289.166013475504,5023.333986524496,0.0,0.0,0.0,0.0,0.0,0.0,0.0,0.0,0.0,0.0,0.0,0.0,0.0,0.0,0.0,0.0
20,refrigeration,test_utility_1,test_utility_1,multifamily,0,75000.0,0.0,15000.0,60000.0,0.0,0.0,0.0,0.0,0.0,0.0,0.0,0.0,0.0,0.0,0.0,0.0,0.0,0.0,0.0,0.0,0.0,0.0,0.0,0.0,0.0
21,refrigeration,test_utility_1,test_utility_1,multifamily,1,75000.0,0.0,10500.0,59303.291974789936,5196.708025210064,0.0,4.547473508864641e-13,3857.4971828532607,3642.502817146739,0.0,0.0,1445.7947919366743,1554.2052080633257,0.0,0.0,0.0,0.0,0.0,0.0,0.0,0.0,0.0,0.0,0.0,0.0
22,refrigeration,test_utility_1,test_utility_1,multifamily,2,75000.0,0.0,7875.0,57678.66118431829,9446.338815681707,0.0,4.547473508864641e-13,3471.7474645679345,3278.252535432065,0.0,0.0,903.6217449604214,971.3782550395786,0.0,0.0,0.0,0.0,0.0,0.0,0.0,0.0,0.0,0.0,0.0,0.0
23,refrigeration,test_utility_1,test_utility_1,multifamily,3,75000.0,0.0,6000.0,55680.4311857119,13319.568814288099,0.0,4.547473508864641e-13,3278.8726054252716,3096.127394574728,0.0,0.0,722.8973959683372,777.1026040316628,0.0,0.0,0.0,0.0,0.0,0.0,0.0,0.0,0.0,0.0,0.0,0.0
24,refrigeration,test_utility_1,test_utility_1,multifamily,4,75000.0,0.0,4406.250000000002,53540.58267028615,17053.16732971384,0.0,4.547473508864641e-13,3182.43517585394,3005.0648241460594,0.0,0.0,677.7163087203161,728.5336912796839,0.0,0.0,0.0,0.0,0.0,0.0,0.0,0.0,0.0,0.0,0.0,0.0
25,refrigeration,test_utility_1,test_utility_1,multifamily,5,75000.0,0.0,2906.250000000002,51352.51544007474,20741.23455992525,0.0,0.0,3134.2164610682744,2959.5335389317256,0.0,0.0,677.7163087203161,728.5336912796839,0.0,0.0,0.0,0.0,0.0,0.0,0.0,0.0,0.0,0.0,0.0,0.0
26,refrigeration,test_utility_1,test_utility_1,multifamily,6,75000.0,0.0,1406.2500000000018,49164.44820986333,24429.301790136662,0.0,0.0,3134.2164610682744,2959.5335389317256,0.0,0.0,677.7163087203161,728.5336912796839,0.0,0.0,0.0,0.0,0.0,0.0,0.0,0.0,0.0,0.0,0.0,0.0
27,refrigeration,test_utility_1,test_utility_1,multifamily,7,75000.0,0.0,656.2500000000016,46614.93228166776,27728.81771833224,0.0,0.0,3134.2164610682744,2959.5335389317256,0.0,0.0,316.2676107361476,339.9823892638526,0.0,0.0,0.0,0.0,0.0,0.0,0.0,0.0,0.0,0.0,0.0,0.0
28,refrigeration,test_utility_1,test_utility_1,multifamily,8,75000.0,0.0,281.25000000000125,43884.69200448009,30834.0579955199,0.0,0.0,3134.2164610682744,2959.5335389317256,0.0,0.0,135.5432617440634,145.70673825593695,0.0,0.0,0.0,0.0,0.0,0.0,0.0,0.0,0.0,0.0,0.0,0.0
29,refrigeration,test_utility_1,test_utility_1,multifamily,9,75000.0,0.0,93.75000000000085,41064.08955279639,33842.160447203605,0.0,0.0,3134.2164610682744,2959.5335389317256,0.0,0.0,45.181087248021264,48.568912751979134,0.0,0.0,0.0,0.0,0.0,0.0,0.0,0.0,0.0,0.0,0.0,0.0
30,refrigeration,test_utility_1,test_utility_1,multifamily,10,75000.0,0.0,4.263256414560601e-13,38198.30601386467,36801.69398613533,0.0,0.0,3134.2164610682744,2959.5335389317256,0.0,0.0,2.0545979736207789e-13,2.2086584409398223e-13,0.0,0.0,0.0,0.0,0.0,0.0,0.0,0.0,0.0,0.0,0.0,0.0
31,refrigeration,test_utility_1,test_utility_1,multifamily,11,75000.0,0.0,1.1084466677857563e-12,38295.5100950693,36704.4899049307,0.0,9.094947017729282e-13,5400.496055994565,5099.503944005434,0.0,0.0,9.588123876896968e-14,1.0307072724385837e-13,0.0,0.0,0.0,0.0,0.0,0.0,0.0,0.0,0.0,0.0,0.0,0.0
32,refrigeration,test_utility_1,test_utility_1,multifamily,12,75000.0,0.0,1.9042545318370685e-12,38356.26264582219,36643.73735417781,0.0,9.094947017729282e-13,4436.121760281249,4188.87823971875,0.0,0.0,4.1091959472415575e-14,4.417316881879645e-14,0.0,0.0,0.0,0.0,0.0,0.0,0.0,0.0,0.0,0.0,0.0,0.0
33,refrigeration,test_utility_1,test_utility_1,multifamily,13,75000.0,0.0,2.3021584638627246e-12,38404.86468642451,36595.13531357549,0.0,4.547473508864641e-13,4050.3720419959236,3824.627958004076,0.0,0.0,1.3697319824138526e-14,1.472438960626548e-14,0.0,0.0,0.0,0.0,0.0,0.0,0.0,0.0,0.0,0.0,0.0,0.0
34,refrigeration,test_utility_1,test_utility_1,multifamily,14,75000.0,0.0,2.7284841053187847e-12,38450.42909948918,36549.57090051082,0.0,4.547473508864641e-13,3905.7158976389264,3688.034102361073,0.0,0.0,0.0,0.0,0.0,0.0,0.0,0.0,0.0,0.0,0.0,0.0,0.0,0.0,0.0,0.0
35,refrigeration,test_utility_1,test_utility_1,multifamily,15,75000.0,0.0,3.183231456205249e-12,38495.99351255385,36504.00648744615,0.0,4.547473508864641e-13,3857.4971828532607,3642.502817146739,0.0,0.0,0.0,0.0,0.0,0.0,0.0,0.0,0.0,0.0,0.0,0.0,0.0,0.0,0.0,0.0
36,refrigeration,test_utility_1,test_utility_1,multifamily,16,75000.0,0.0,3.637978807091713e-12,38541.557925618516,36458.442074381484,0.0,4.547473508864641e-13,3857.4971828532607,3642.502817146739,0.0,0.0,0.0,0.0,0.0,0.0,0.0,0.0,0.0,0.0,0.0,0.0,0.0,0.0,0.0,0.0
37,refrigeration,test_utility_1,test_utility_1,multifamily,17,75000.0,0.0,3.637978807091713e-12,38562.82131838203,36437.17868161797,0.0,4.547473508864641e-13,3471.7474645679345,3278.252535432065,0.0,0.0,2.1915711718621642e-13,2.355902337002477e-13,0.0,0.0,0.0,0.0,0.0,0.0,0.0,0.0,0.0,0.0,0.0,0.0
38,refrigeration,test_utility_1,test_utility_1,multifamily,18,75000.0,0.0,3.410605131648481e-12,38571.93420099496,36428.06579900504,0.0,4.547473508864641e-13,3278.8726054252716,3096.127394574728,0.0,0.0,3.287356757793246e-13,3.533853505503716e-13,0.0,0.0,0.0,0.0,0.0,0.0,0.0,0.0,0.0,0.0,0.0,0.0
39,refrigeration,test_utility_1,test_utility_1,multifamily,19,75000.0,0.0,3.296918293926865e-12,38574.97182853261,36425.02817146739,0.0,4.547473508864641e-13,3182.43517585394,3005.0648241460594,0.0,0.0,2.7394639648277053e-13,2.944877921253096e-13,0.0,0.0,0.0,0.0,0.0,0.0,0.0,0.0,0.0,0.0,0.0,0.0
40,refrigeration,test_utility_1,test_utility_1,single_family_li,0,12500.0,0.0,2500.0,10000.0,0.0,0.0,0.0,0.0,0.0,0.0,0.0,0.0,0.0,0.0,0.0,0.0,0.0,0.0,0.0,0.0,0.0,0.0,0.0,0.0,0.0
41,refrigeration,test_utility_1,test_utility_1,single_family_li,1,12500.0,0.0,1750.0,9883.412167825545,866.5878321744553,0.0,0.0,641.1110319364246,608.8889680635754,0.0,0.0,242.30113588912,257.69886411088,0.0,0.0,0.0,0.0,0.0,0.0,0.0,0.0,0.0,0.0,0.0,0.0
42,refrigeration,test_utility_1,test_utility_1,single_family_li,2,12500.0,0.0,1312.5,9611.850306499027,1575.6496935009732,0.0,0.0,576.9999287427822,548.0000712572178,0.0,0.0,151.4382099307,161.0617900693,0.0,0.0,0.0,0.0,0.0,0.0,0.0,0.0,0.0,0.0,0.0,0.0
43,refrigeration,test_utility_1,test_utility_1,single_family_li,3,12500.0,0.0,1000.0,9277.945251589548,2222.0547484104522,0.0,0.0,544.944377145961,517.555622854039,0.0,0.0,121.15056794456,128.84943205544,0.0,0.0,0.0,0.0,0.0,0.0,0.0,0.0,0.0,0.0,0.0,0.0
44,refrigeration,test_utility_1,test_utility_1,single_family_li,4,12500.0,0.0,734.375,8920.440510385124,2845.184489614877,0.0,0.0,528.9166013475503,502.33339865244966,0.0,0.0,113.578657448025,120.796342551975,0.0,0.0,0.0,0.0,0.0,0.0,0.0,0.0,0.0,0.0,0.0,0.0
45,refrigeration,test_utility_1,test_utility_1,single_family_li,5,12500.0,0.0,484.375,8554.921881281492,3460.703118718507,0.0,0.0,520.902713448345,494.722286551655,0.0,0.0,113.578657448025,120.796342551975,0.0,0.0,0.0,0.0,0.0,0.0,0.0,0.0,0.0,0.0,0.0,0.0
46,refrigeration,test_utility_1,test_utility_1,single_family_li,6,12500.0,0.0,234.375,8189.403252177863,4076.2217478221373,0.0,0.0,520.902713448345,494.722286551655,0.0,0.0,113.578657448025,120.796342551975,0.0,0.0,0.0,0.0,0.0,0.0,0.0,0.0,0.0,0.0,0.0,0.0
47,refrigeration,test_utility_1,test_utility_1,single_family_li,7,12500.0,0.0,109.375,7763.309339101953,4627.315660898047,0.0,0.0,520.902713448345,494.722286551655,0.0,0.0,53.003373475745,56.371626524255,0.0,0.0,0.0,0.0,0.0,0.0,0.0,0.0,0.0,0.0,0.0,0.0
48,refrigeration,test_utility_1,test_utility_1,single_family_li,8,12500.0,0.0,46.875,7306.927784039903,5146.197215960097,0.0,0.0,520.902713448345,494.722286551655,0.0,0.0,22.715731489605,24.159268510395,0.0,0.0,0.0,0.0,0.0,0.0,0.0,0.0,0.0,0.0,0.0,0.0
49,refrigeration,test_utility_1,test_utility_1,single_family_li,9,12500.0,0.0,15.625,6835.402407984782,5648.972592015217,0.0,0.0,520.902713448345,494.722286551655,0.0,0.0,7.571910496535,8.053089503465,0.0,0.0,0.0,0.0,0.0,0.0,0.0,0.0,0.0,0.0,0.0,0.0
50,refrigeration,test_utility_1,test_utility_1,single_family_li,10,12500.0,0.0,0.0,6356.305121433128,6143.694878566872,0.0,0.0,520.902713448345,494.722286551655,0.0,0.0,0.0,0.0,0.0,0.0,0.0,0.0,0.0,0.0,0.0,0.0,0.0,0.0,0.0,0.0
51,refrigeration,test_utility_1,test_utility_1,single_family_li,11,12500.0,0.0,0.0,6370.448398318578,6129.551601681422,0.0,0.0,897.5554447109945,852.4445552890055,0.0,0.0,0.0,0.0,0.0,0.0,0.0,0.0,0.0,0.0,0.0,0.0,0.0,0.0,0.0,0.0
52,refrigeration,test_utility_1,test_utility_1,single_family_li,12,12500.0,0.0,0.0,6379.287946371984,6120.712053628016,0.0,0.0,737.2776867268883,700.2223132731117,0.0,0.0,0.0,0.0,0.0,0.0,0.0,0.0,0.0,0.0,0.0,0.0,0.0,0.0,0.0,0.0
53,refrigeration,test_utility_1,test_utility_1,single_family_li,13,12500.0,0.0,0.0,6386.359584814709,6113.640415185291,0.0,0.0,673.1665835332459,639.3334164667541,0.0,0.0,0.0,0.0,0.0,0.0,0.0,0.0,0.0,0.0,0.0,0.0,0.0,0.0,0.0,0.0
54,refrigeration,test_utility_1,test_utility_1,single_family_li,14,12500.0,0.0,0.0,6392.989245854764,6107.010754145236,0.0,0.0,649.12491983563,616.50008016437,0.0,0.0,0.0,0.0,0.0,0.0,0.0,0.0,0.0,0.0,0.0,0.0,0.0,0.0,0.0,0.0
55,refrigeration,test_utility_1,test_utility_1,single_family_li,15,12500.0,0.0,0.0,6399.618906894819,6100.381093105181,0.0,0.0,641.1110319364246,608.8889680635754,0.0,0.0,0.0,0.0,0.0,0.0,0.0,0.0,0.0,0.0,0.0,0.0,0.0,0.0,0.0,0.0
56,refrigeration,test_utility_1,test_utility_1,single_family_li,16,12500.0,0.0,0.0,6406.248567934874,6093.751432065126,0.0,0.0,641.1110319364246,608.8889680635754,0.0,0.0,0.0,0.0,0.0,0.0,0.0,0.0,0.0,0.0,0.0,0.0,0.0,0.0,0.0,0.0
57,refrigeration,test_utility_1,test_utility_1,single_family_li,17,12500.0,0.0,0.0,6409.342409753565,6090.657590246435,0.0,0.0,576.9999287427822,548.0000712572178,0.0,0.0,0.0,0.0,0.0,0.0,0.0,0.0,0.0,0.0,0.0,0.0,0.0,0.0,0.0,0.0
58,refrigeration,test_utility_1,test_utility_1,single_family_li,18,12500.0,0.0,0.0,6410.6683419615765,6089.3316580384235,0.0,0.0,544.944377145961,517.555622854039,0.0,0.0,0.0,0.0,0.0,0.0,0.0,0.0,0.0,0.0,0.0,0.0,0.0,0.0,0.0,0.0
59,refrigeration,test_utility_1,test_utility_1,single_family_li,19,12500.0,0.0,0.0,6411.110319364247,6088.889680635753,0.0,0.0,528.9166013475503,502.33339865244966,0.0,0.0,0.0,0.0,0.0,0.0,0.0,0.0,0.0,0.0,0.0,0.0,0.0,0.0,0.0,0.0
60,refrigeration,test_utility_1,test_utility_1,multifamily_li,0,7500.0,0.0,1500.0,6000.0,0.0,0.0,0.0,0.0,0.0,0.0,0.0,0.0,0.0,0.0,0.0,0.0,0.0,0.0,0.0,0.0,0.0,0.0,0.0,0.0,0.0
61,refrigeration,test_utility_1,test_utility_1,multifamily_li,1,7500.0,0.0,1050.0,5930.329197478994,519.6708025210065,0.0,0.0,385.7497182853261,364.2502817146739,0.0,0.0,144.57947919366742,155.42052080633258,0.0,0.0,0.0,0.0,0.0,0.0,0.0,0.0,0.0,0.0,0.0,0.0
62,refrigeration,test_utility_1,test_utility_1,multifamily_li,2,7500.000000000001,0.0,787.5,5767.86611843183,944.6338815681709,0.0,5.684341886080802e-14,347.17474645679346,327.8252535432065,0.0,0.0,90.36217449604214,97.13782550395786,0.0,0.0,0.0,0.0,0.0,0.0,0.0,0.0,0.0,0.0,0.0,0.0
63,refrigeration,test_utility_1,test_utility_1,multifamily_li,3,7500.0,0.0,600.0,5568.04311857119,1331.95688142881,0.0,5.684341886080802e-14,327.88726054252714,309.6127394574728,0.0,0.0,72.28973959683371,77.71026040316629,0.0,0.0,0.0,0.0,0.0,0.0,0.0,0.0,0.0,0.0,0.0,0.0
64,refrigeration,test_utility_1,test_utility_1,multifamily_li,4,7500.0,0.0,440.62500000000017,5354.058267028616,1705.3167329713842,0.0,5.684341886080802e-14,318.243517585394,300.50648241460596,0.0,0.0,67.77163087203161,72.85336912796839,0.0,0.0,0.0,0.0,0.0,0.0,0.0,0.0,0.0,0.0,0.0,0.0
65,refrigeration,test_utility_1,test_utility_1,multifamily_li,5,7500.0,0.0,290.62500000000017,5135.251544007475,2074.123455992525,0.0,0.0,313.42164610682744,295.95335389317256,0.0,0.0,67.77163087203161,72.85336912796839,0.0,0.0,0.0,0.0,0.0,0.0,0.0,0.0,0.0,0.0,0.0,0.0
66,refrigeration,test_utility_1,test_utility_1,multifamily_li,6,7499.999999999999,0.0,140.62500000000017,4916.444820986333,2442.930179013666,0.0,0.0,313.42164610682744,295.95335389317256,0.0,0.0,67.77163087203161,72.85336912796839,0.0,0.0,0.0,0.0,0.0,0.0,0.0,0.0,0.0,0.0,0.0,0.0
67,refrigeration,test_utility_1,test_utility_1,multifamily_li,7,7500.0,0.0,65.62500000000017,4661.493228166776,2772.881771833224,0.0,0.0,313.42164610682744,295.95335389317256,0.0,0.0,31.62676107361475,33.99823892638525,0.0,0.0,0.0,0.0,0.0,0.0,0.0,0.0,0.0,0.0,0.0,0.0
68,refrigeration,test_utility_1,test_utility_1,multifamily_li,8,7500.0,0.0,28.125000000000142,4388.469200448009,3083.40579955199,0.0,0.0,313.42164610682744,295.95335389317256,0.0,0.0,13.554326174406336,14.570673825593692,0.0,0.0,0.0,0.0,0.0,0.0,0.0,0.0,0.0,0.0,0.0,0.0
69,refrigeration,test_utility_1,test_utility_1,multifamily_li,9,7500.0,0.0,9.3750000000001,4106.4089552796395,3384.2160447203605,0.0,0.0,313.42164610682744,295.95335389317256,0.0,0.0,4.518108724802128,4.856891275197914,0.0,0.0,0.0,0.0,0.0,0.0,0.0,0.0,0.0,0.0,0.0,0.0
70,refrigeration,test_utility_1,test_utility_1,multifamily_li,10,7500.0,0.0,4.973799150320701e-14,3819.8306013864667,3680.1693986135333,0.0,0.0,313.42164610682744,295.95335389317256,0.0,0.0,2.397030969224242e-14,2.5767681810964593e-14,0.0,0.0,0.0,0.0,0.0,0.0,0.0,0.0,0.0,0.0,0.0,0.0
71,refrigeration,test_utility_1,test_utility_1,multifamily_li,11,7500.0,0.0,2.4868995751603507e-14,3829.5510095069294,3670.4489904930706,0.0,0.0,540.0496055994565,509.9503944005435,0.0,0.0,1.198515484612121e-14,1.2883840905482297e-14,0.0,0.0,0.0,0.0,0.0,0.0,0.0,0.0,0.0,0.0,0.0,0.0
72,refrigeration,test_utility_1,test_utility_1,multifamily_li,12,7500.0,0.0,6.750155989720952e-14,3835.626264582219,3664.373735417781,0.0,5.684341886080802e-14,443.61217602812496,418.887823971875,0.0,0.0,5.136494934051947e-15,5.521646102349556e-15,0.0,0.0,0.0,0.0,0.0,0.0,0.0,0.0,0.0,0.0,0.0,0.0
73,refrigeration,test_utility_1,test_utility_1,multifamily_li,13,7500.0,0.0,1.1723955140041653e-13,3840.4864686424507,3659.5135313575493,0.0,5.684341886080802e-14,405.03720419959234,382.4627958004076,0.0,0.0,1.7121649780173157e-15,1.840548700783185e-15,0.0,0.0,0.0,0.0,0.0,0.0,0.0,0.0,0.0,0.0,0.0,0.0
74,refrigeration,test_utility_1,test_utility_1,multifamily_li,14,7500.0,0.0,1.7053025658242404e-13,3845.0429099489174,3654.9570900510826,0.0,5.684341886080802e-14,390.57158976389263,368.8034102361073,0.0,0.0,0.0,0.0,0.0,0.0,0.0,0.0,0.0,0.0,0.0,0.0,0.0,0.0,0.0,0.0
75,refrigeration,test_utility_1,test_utility_1,multifamily_li,15,7500.0,0.0,1.7053025658242404e-13,3849.5993512553846,3650.4006487446154,0.0,0.0,385.7497182853261,364.2502817146739,0.0,0.0,0.0,0.0,0.0,0.0,0.0,0.0,0.0,0.0,0.0,0.0,0.0,0.0,0.0,0.0
76,refrigeration,test_utility_1,test_utility_1,multifamily_li,16,7500.0,0.0,1.7053025658242404e-13,3854.1557925618517,3645.8442074381483,0.0,0.0,385.7497182853261,364.2502817146739,0.0,0.0,0.0,0.0,0.0,0.0,0.0,0.0,0.0,0.0,0.0,0.0,0.0,0.0,0.0,0.0
77,refrigeration,test_utility_1,test_utility_1,multifamily_li,17,7500.0,0.0,2.2737367544323206e-13,3856.282131838203,3643.717868161797,0.0,5.684341886080802e-14,347.17474645679346,327.8252535432065,0.0,0.0,0.0,0.0,0.0,0.0,0.0,0.0,0.0,0.0,0.0,0.0,0.0,0.0,0.0,0.0
78,refrigeration,test_utility_1,test_utility_1,multifamily_li,18,7500.0,0.0,2.5579538487363607e-13,3857.193420099496,3642.8065799005035,0.0,5.684341886080802e-14,327.88726054252714,309.6127394574728,0.0,0.0,1.3697319824138526e-14,1.472438960626548e-14,0.0,0.0,0.0,0.0,0.0,0.0,0.0,0.0,0.0,0.0,0.0,0.0
79,refrigeration,test_utility_1,test_utility_1,multifamily_li,19,7500.0,0.0,2.7000623958883807e-13,3857.4971828532607,3642.5028171467393,0.0,5.684341886080802e-14,318.243517585394,300.50648241460596,0.0,0.0,2.0545979736207787e-14,2.2086584409398224e-14,0.0,0.0,0.0,0.0,0.0,0.0,0.0,0.0,0.0,0.0,0.0,0.0
80,refrigeration,test_utility_1,test_utility_2,single_family,0,250000.0,0.0,50000.0,200000.0,0.0,0.0,0.0,0.0,0.0,0.0,0.0,0.0,0.0,0.0,0.0,0.0,0.0,0.0,0.0,0.0,0.0,0.0,0.0,0.0,0.0
81,refrigeration,test_utility_1,test_utility_2,single_family,1,250000.0,0.0,35000.0,197676.42491621018,17323.575083789816,0.0,0.0,12829.422560384624,12170.577439615377,0.0,0.0,4847.002355825563,5152.997644174437,0.0,0.0,0.0,0.0,0.0,0.0,0.0,0.0,0.0,0.0,0.0,0.0
82,refrigeration,test_utility_1,test_utility_2,single_family,2,250000.0,0.0,26250.0,192252.28169294732,31497.71830705268,0.0,0.0,11546.480304346162,10953.51969565384,0.0,0.0,3029.376472390977,3220.623527609023,0.0,0.0,0.0,0.0,0.0,0.0,0.0,0.0,0.0,0.0,0.0,0.0
83,refrigeration,test_utility_1,test_utility_2,single_family,3,250000.0,0.0,20000.0,185580.79204718705,44419.20795281297,0.0,0.0,10905.00917632693,10344.990823673072,0.0,0.0,2423.5011779127817,2576.4988220872183,0.0,0.0,0.0,0.0,0.0,0.0,0.0,0.0,0.0,0.0,0.0,0.0
84,refrigeration,test_utility_1,test_utility_2,single_family,4,250000.00000000003,0.0,14687.5,178437.0980137976,56875.40198620242,0.0,0.0,10584.273612317314,10040.726387682687,0.0,0.0,2272.032354293233,2415.467645706767,0.0,0.0,0.0,0.0,0.0,0.0,0.0,0.0,0.0,0.0,0.0,0.0
85,refrigeration,test_utility_1,test_utility_2,single_family,5,250000.00000000003,0.0,9687.5,171133.03619840334,69179.46380159669,0.0,0.0,10423.905830312506,9888.594169687494,0.0,0.0,2272.032354293233,2415.467645706767,0.0,0.0,0.0,0.0,0.0,0.0,0.0,0.0,0.0,0.0,0.0,0.0
86,refrigeration,test_utility_1,test_utility_2,single_family,6,250000.00000000003,0.0,4687.5,163828.97438300907,81483.52561699096,0.0,0.0,10423.905830312506,9888.594169687494,0.0,0.0,2272.032354293233,2415.467645706767,0.0,0.0,0.0,0.0,0.0,0.0,0.0,0.0,0.0,0.0,0.0,0.0
87,refrigeration,test_utility_1,test_utility_2,single_family,7,250000.0,0.0,2187.5,155313.1619786584,92499.3380213416,0.0,0.0,10423.905830312506,9888.594169687494,0.0,0.0,1060.281765336842,1127.218234663158,0.0,0.0,0.0,0.0,0.0,0.0,0.0,0.0,0.0,0.0,0.0,0.0
88,refrigeration,test_utility_1,test_utility_2,single_family,8,250000.0,0.0,937.5,146191.47427982956,102871.02572017045,0.0,0.0,10423.905830312506,9888.594169687494,0.0,0.0,454.40647085864657,483.09352914135343,0.0,0.0,0.0,0.0,0.0,0.0,0.0,0.0,0.0,0.0,0.0,0.0
89,refrigeration,test_utility_1,test_utility_2,single_family,9,250000.0,0.0,312.5,136766.84893376162,112920.6510662384,0.0,0.0,10423.905830312506,9888.594169687494,0.0,0.0,151.46882361954886,161.03117638045114,0.0,0.0,0.0,0.0,0.0,0.0,0.0,0.0,0.0,0.0,0.0,0.0
90,refrigeration,test_utility_1,test_utility_2,single_family,10,250000.0,0.0,0.0,127190.75476407412,122809.24523592589,0.0,0.0,10423.905830312506,9888.594169687494,0.0,0.0,0.0,0.0,0.0,0.0,0.0,0.0,0.0,0.0,0.0,0.0,0.0,0.0,0.0,0.0
91,refrigeration,test_utility_1,test_utility_2,single_family,11,250000.0,0.0,0.0,127475.5214324024,122524.4785675976,0.0,0.0,17961.191584538472,17038.808415461528,0.0,0.0,0.0,0.0,0.0,0.0,0.0,0.0,0.0,0.0,0.0,0.0,0.0,0.0,0.0,0.0
92,refrigeration,test_utility_1,test_utility_2,single_family,12,250000.0,0.0,0.0,127653.50060010757,122346.49939989243,0.0,0.0,14753.835944442317,13996.164055557685,0.0,0.0,0.0,0.0,0.0,0.0,0.0,0.0,0.0,0.0,0.0,0.0,0.0,0.0,0.0,0.0
93,refrigeration,test_utility_1,test_utility_2,single_family,13,250000.0,0.0,0.0,127795.88393427173,122204.11606572827,0.0,0.0,13470.893688403854,12779.106311596146,0.0,0.0,0.0,0.0,0.0,0.0,0.0,0.0,0.0,0.0,0.0,0.0,0.0,0.0,0.0,0.0
94,refrigeration,test_utility_1,test_utility_2,single_family,14,250000.0,0.0,0.0,127929.3683100506,122070.6316899494,0.0,0.0,12989.790342389431,12322.70965761057,0.0,0.0,0.0,0.0,0.0,0.0,0.0,0.0,0.0,0.0,0.0,0.0,0.0,0.0,0.0,0.0
95,refrigeration,test_utility_1,test_utility_2,single_family,15,250000.0,0.0,0.0,128062.85268582951,121937.1473141705,0.0,0.0,12829.422560384624,12170.577439615377,0.0,0.0,0.0,0.0,0.0,0.0,0.0,0.0,0.0,0.0,0.0,0.0,0.0,0.0,0.0,0.0
96,refrigeration,test_utility_1,test_utility_2,single_family,16,250000.0,0.0,0.0,128196.33706160838,121803.66293839162,0.0,0.0,12829.422560384624,12170.577439615377,0.0,0.0,0.0,0.0,0.0,0.0,0.0,0.0,0.0,0.0,0.0,0.0,0.0,0.0,0.0,0.0
97,refrigeration,test_utility_1,test_utility_2,single_family,17,250000.0,0.0,0.0,128258.6297703052,121741.37022969482,0.0,0.0,11546.480304346162,10953.51969565384,0.0,0.0,0.0,0.0,0.0,0.0,0.0,0.0,0.0,0.0,0.0,0.0,0.0,0.0,0.0,0.0
98,refrigeration,test_utility_1,test_utility_2,single_family,18,250000.0,0.0,0.0,128285.32664546097,121714.67335453903,0.0,0.0,10905.00917632693,10344.990823673072,0.0,0.0,0.0,0.0,0.0,0.0,0.0,0.0,0.0,0.0,0.0,0.0,0.0,0.0,0.0,0.0
99,refrigeration,test_utility_1,test_utility_2,single_family,19,250000.0,0.0,0.0,128294.22560384622,121705.77439615378,0.0,0.0,10584.273612317314,10040.726387682687,0.0,0.0,0.0,0.0,0.0,0.0,0.0,0.0,0.0,0.0,0.0,0.0,0.0,0.0,0.0,0.0
100,refrigeration,test_utility_1,test_utility_2,multifamily,0,150000.0,0.0,30000.0,120000.0,0.0,0.0,0.0,0.0,0.0,0.0,0.0,0.0,0.0,0.0,0.0,0.0,0.0,0.0,0.0,0.0,0.0,0.0,0.0,0.0,0.0
101,refrigeration,test_utility_1,test_utility_2,multifamily,1,150000.0,0.0,21000.0,118609.86699355938,10390.133006440614,0.0,0.0,7717.847043218367,7282.152956781633,0.0,0.0,2892.0199503410204,3107.9800496589796,0.0,0.0,0.0,0.0,0.0,0.0,0.0,0.0,0.0,0.0,0.0,0.0
102,refrigeration,test_utility_1,test_utility_2,multifamily,2,150000.0,0.0,15750.0,115363.44180141905,18886.558198580948,0.0,0.0,6946.0623388965305,6553.9376611034695,0.0,0.0,1807.5124689631377,1942.4875310368623,0.0,0.0,0.0,0.0,0.0,0.0,0.0,0.0,0.0,0.0,0.0,0.0
103,refrigeration,test_utility_1,test_utility_2,multifamily,3,150000.0,0.0,12000.0,111369.62176332518,26630.378236674827,0.0,0.0,6560.169986735612,6189.830013264388,0.0,0.0,1446.0099751705102,1553.9900248294898,0.0,0.0,0.0,0.0,0.0,0.0,0.0,0.0,0.0,0.0,0.0,0.0
104,refrigeration,test_utility_1,test_utility_2,multifamily,4,150000.0,0.0,8812.5,107092.47992570268,34095.02007429732,0.0,0.0,6367.223810655153,6007.776189344847,0.0,0.0,1355.6343517223534,1456.8656482776466,0.0,0.0,0.0,0.0,0.0,0.0,0.0,0.0,0.0,0.0,0.0,0.0
105,refrigeration,test_utility_1,test_utility_2,multifamily,5,150000.0,0.0,5812.5,102718.86500003995,41468.63499996004,0.0,0.0,6270.750722614924,5916.749277385076,0.0,0.0,1355.6343517223534,1456.8656482776466,0.0,0.0,0.0,0.0,0.0,0.0,0.0,0.0,0.0,0.0,0.0,0.0
106,refrigeration,test_utility_1,test_utility_2,multifamily,6,150000.0,0.0,2812.5,98345.25007437723,48842.24992562277,0.0,0.0,6270.750722614924,5916.749277385076,0.0,0.0,1355.6343517223534,1456.8656482776466,0.0,0.0,0.0,0.0,0.0,0.0,0.0,0.0,0.0,0.0,0.0,0.0
107,refrigeration,test_utility_1,test_utility_2,multifamily,7,150000.0,0.0,1312.5,93248.63016112926,55438.86983887074,0.0,0.0,6270.750722614924,5916.749277385076,0.0,0.0,632.6293641370983,679.8706358629017,0.0,0.0,0.0,0.0,0.0,0.0,0.0,0.0,0.0,0.0,0.0,0.0
108,refrigeration,test_utility_1,test_utility_2,multifamily,8,150000.0,0.0,562.5,87790.50775408866,61646.99224591135,0.0,0.0,6270.750722614924,5916.749277385076,0.0,0.0,271.12687034447066,291.37312965552934,0.0,0.0,0.0,0.0,0.0,0.0,0.0,0.0,0.0,0.0,0.0,0.0
109,refrigeration,test_utility_1,test_utility_2,multifamily,9,150000.0,0.0,187.5,82151.63410015174,67660.86589984827,0.0,0.0,6270.750722614924,5916.749277385076,0.0,0.0,90.37562344815689,97.12437655184311,0.0,0.0,0.0,0.0,0.0,0.0,0.0,0.0,0.0,0.0,0.0,0.0
110,refrigeration,test_utility_1,test_utility_2,multifamily,10,150000.0,0.0,0.0,76422.38482276665,73577.61517723335,0.0,0.0,6270.750722614924,5916.749277385076,0.0,0.0,0.0,0.0,0.0,0.0,0.0,0.0,0.0,0.0,0.0,0.0,0.0,0.0,0.0,0.0
111,refrigeration,test_utility_1,test_utility_2,multifamily,11,150000.0,0.0,0.0,76617.50368971299,73382.49631028701,0.0,0.0,10804.985860505714,10195.014139494286,0.0,0.0,0.0,0.0,0.0,0.0,0.0,0.0,0.0,0.0,0.0,0.0,0.0,0.0,0.0,0.0
112,refrigeration,test_utility_1,test_utility_2,multifamily,12,150000.0,0.0,0.0,76739.45298155444,73260.54701844556,0.0,0.0,8875.524099701122,8374.475900298878,0.0,0.0,0.0,0.0,0.0,0.0,0.0,0.0,0.0,0.0,0.0,0.0,0.0,0.0,0.0,0.0
113,refrigeration,test_utility_1,test_utility_2,multifamily,13,150000.0,0.0,0.0,76837.0124150276,73162.9875849724,0.0,0.0,8103.739395379285,7646.260604620715,0.0,0.0,0.0,0.0,0.0,0.0,0.0,0.0,0.0,0.0,0.0,0.0,0.0,0.0,0.0,0.0
114,refrigeration,test_utility_1,test_utility_2,multifamily,14,150000.0,0.0,0.0,76928.4743839087,73071.5256160913,0.0,0.0,7814.320131258597,7373.179868741403,0.0,0.0,0.0,0.0,0.0,0.0,0.0,0.0,0.0,0.0,0.0,0.0,0.0,0.0,0.0,0.0
115,refrigeration,test_utility_1,test_utility_2,multifamily,15,150000.0,0.0,0.0,77019.93635278978,72980.06364721022,0.0,0.0,7717.847043218367,7282.152956781633,0.0,0.0,0.0,0.0,0.0,0.0,0.0,0.0,0.0,0.0,0.0,0.0,0.0,0.0,0.0,0.0
116,refrigeration,test_utility_1,test_utility_2,multifamily,16,150000.0,0.0,0.0,77111.39832167087,72888.60167832913,0.0,0.0,7717.847043218367,7282.152956781633,0.0,0.0,0.0,0.0,0.0,0.0,0.0,0.0,0.0,0.0,0.0,0.0,0.0,0.0,0.0,0.0
117,refrigeration,test_utility_1,test_utility_2,multifamily,17,150000.0,0.0,0.0,77154.08057381539,72845.91942618461,0.0,0.0,6946.0623388965305,6553.9376611034695,0.0,0.0,0.0,0.0,0.0,0.0,0.0,0.0,0.0,0.0,0.0,0.0,0.0,0.0,0.0,0.0
118,refrigeration,test_utility_1,test_utility_2,multifamily,18,150000.0,0.0,0.0,77172.3729675916,72827.6270324084,0.0,0.0,6560.169986735612,6189.830013264388,0.0,0.0,0.0,0.0,0.0,0.0,0.0,0.0,0.0,0.0,0.0,0.0,0.0,0.0,0.0,0.0
119,refrigeration,test_utility_1,test_utility_2,multifamily,19,150000.0,0.0,0.0,77178.47043218368,72821.52956781632,0.0,0.0,6367.223810655153,6007.776189344847,0.0,0.0,0.0,0.0,0.0,0.0,0.0,0.0,0.0,0.0,0.0,0.0,0.0,0.0,0.0,0.0
120,refrigeration,test_utility_1,test_utility_2,single_family_li,0,50000.0,0.0,10000.0,40000.0,0.0,0.0,0.0,0.0,0.0,0.0,0.0,0.0,0.0,0.0,0.0,0.0,0.0,0.0,0.0,0.0,0.0,0.0,0.0,0.0,0.0
121,refrigeration,test_utility_1,test_utility_2,single_family_li,1,49999.99999999999,0.0,7000.0,39535.28498324203,3464.715016757963,0.0,0.0,2565.8845120769247,2434.1154879230758,0.0,0.0,969.4004711651128,1030.5995288348872,0.0,0.0,0.0,0.0,0.0,0.0,0.0,0.0,0.0,0.0,0.0,0.0
122,refrigeration,test_utility_1,test_utility_2,single_family_li,2,50000.0,0.0,5250.0,38450.456338589465,6299.543661410536,0.0,0.0,2309.2960608692324,2190.703939130768,0.0,0.0,605.8752944781954,644.1247055218046,0.0,0.0,0.0,0.0,0.0,0.0,0.0,0.0,0.0,0.0,0.0,0.0
123,refrigeration,test_utility_1,test_utility_2,single_family_li,3,50000.00000000001,0.0,4000.0,37116.15840943741,8883.841590562593,0.0,0.0,2181.001835265386,2068.9981647346144,0.0,0.0,484.7002355825564,515.2997644174436,0.0,0.0,0.0,0.0,0.0,0.0,0.0,0.0,0.0,0.0,0.0,0.0
124,refrigeration,test_utility_1,test_utility_2,single_family_li,4,50000.0,0.0,2937.5,35687.41960275952,11375.080397240485,0.0,0.0,2116.854722463463,2008.1452775365374,0.0,0.0,454.40647085864657,483.09352914135343,0.0,0.0,0.0,0.0,0.0,0.0,0.0,0.0,0.0,0.0,0.0,0.0
125,refrigeration,test_utility_1,test_utility_2,single_family_li,5,50000.0,0.0,1937.5,34226.60723968066,13835.892760319337,0.0,0.0,2084.781166062501,1977.7188339374989,0.0,0.0,454.40647085864657,483.09352914135343,0.0,0.0,0.0,0.0,0.0,0.0,0.0,0.0,0.0,0.0,0.0,0.0
126,refrigeration,test_utility_1,test_utility_2,single_family_li,6,50000.0,0.0,937.5,32765.79487660181,16296.70512339819,0.0,0.0,2084.781166062501,1977.7188339374989,0.0,0.0,454.40647085864657,483.09352914135343,0.0,0.0,0.0,0.0,0.0,0.0,0.0,0.0,0.0,0.0,0.0,0.0
127,refrigeration,test_utility_1,test_utility_2,single_family_li,7,50000.0,0.0,437.5,31062.63239573168,18499.867604268322,0.0,0.0,2084.781166062501,1977.7188339374989,0.0,0.0,212.0563530673684,225.4436469326316,0.0,0.0,0.0,0.0,0.0,0.0,0.0,0.0,0.0,0.0,0.0,0.0
128,refrigeration,test_utility_1,test_utility_2,single_family_li,8,50000.0,0.0,187.5,29238.294855965913,20574.205144034087,0.0,0.0,2084.781166062501,1977.7188339374989,0.0,0.0,90.88129417172932,96.61870582827068,0.0,0.0,0.0,0.0,0.0,0.0,0.0,0.0,0.0,0.0,0.0,0.0
129,refrigeration,test_utility_1,test_utility_2,single_family_li,9,50000.0,0.0,62.5,27353.369786752322,22584.130213247678,0.0,0.0,2084.781166062501,1977.7188339374989,0.0,0.0,30.293764723909774,32.206235276090226,0.0,0.0,0.0,0.0,0.0,0.0,0.0,0.0,0.0,0.0,0.0,0.0
130,refrigeration,test_utility_1,test_utility_2,single_family_li,10,50000.0,0.0,0.0,25438.150952814824,24561.849047185176,0.0,0.0,2084.781166062501,1977.7188339374989,0.0,0.0,0.0,0.0,0.0,0.0,0.0,0.0,0.0,0.0,0.0,0.0,0.0,0.0,0.0,0.0
131,refrigeration,test_utility_1,test_utility_2,single_family_li,11,50000.0,0.0,0.0,25495.104286480484,24504.895713519516,0.0,0.0,3592.2383169076948,3407.7616830923057,0.0,0.0,0.0,0.0,0.0,0.0,0.0,0.0,0.0,0.0,0.0,0.0,0.0,0.0,0.0,0.0
132,refrigeration,test_utility_1,test_utility_2,single_family_li,12,50000.0,0.0,0.0,25530.700120021516,24469.299879978484,0.0,0.0,2950.7671888884634,2799.232811111537,0.0,0.0,0.0,0.0,0.0,0.0,0.0,0.0,0.0,0.0,0.0,0.0,0.0,0.0,0.0,0.0
133,refrigeration,test_utility_1,test_utility_2,single_family_li,13,50000.0,0.0,0.0,25559.176786854347,24440.823213145657,0.0,0.0,2694.178737680771,2555.8212623192294,0.0,0.0,0.0,0.0,0.0,0.0,0.0,0.0,0.0,0.0,0.0,0.0,0.0,0.0,0.0,0.0
134,refrigeration,test_utility_1,test_utility_2,single_family_li,14,50000.0,0.0,0.0,25585.873662010123,24414.12633798988,0.0,0.0,2597.958068477886,2464.541931522114,0.0,0.0,0.0,0.0,0.0,0.0,0.0,0.0,0.0,0.0,0.0,0.0,0.0,0.0,0.0,0.0
135,refrigeration,test_utility_1,test_utility_2,single_family_li,15,50000.0,0.0,0.0,25612.5705371659,24387.4294628341,0.0,0.0,2565.8845120769247,2434.1154879230758,0.0,0.0,0.0,0.0,0.0,0.0,0.0,0.0,0.0,0.0,0.0,0.0,0.0,0.0,0.0,0.0
136,refrigeration,test_utility_1,test_utility_2,single_family_li,16,50000.00000000001,0.0,0.0,25639.26741232168,24360.73258767833,0.0,0.0,2565.8845120769247,2434.1154879230758,0.0,0.0,0.0,0.0,0.0,0.0,0.0,0.0,0.0,0.0,0.0,0.0,0.0,0.0,0.0,0.0
137,refrigeration,test_utility_1,test_utility_2,single_family_li,17,50000.0,0.0,0.0,25651.72595406104,24348.274045938964,0.0,0.0,2309.2960608692324,2190.703939130768,0.0,0.0,0.0,0.0,0.0,0.0,0.0,0.0,0.0,0.0,0.0,0.0,0.0,0.0,0.0,0.0
138,refrigeration,test_utility_1,test_utility_2,single_family_li,18,50000.00000000001,0.0,0.0,25657.0653290922,24342.93467090781,0.0,0.0,2181.001835265386,2068.9981647346144,0.0,0.0,0.0,0.0,0.0,0.0,0.0,0.0,0.0,0.0,0.0,0.0,0.0,0.0,0.0,0.0
139,refrigeration,test_utility_1,test_utility_2,single_family_li,19,50000.00000000001,0.0,0.0,25658.84512076925,24341.15487923076,0.0,0.0,2116.854722463463,2008.1452775365374,0.0,0.0,0.0,0.0,0.0,0.0,0.0,0.0,0.0,0.0,0.0,0.0,0.0,0.0,0.0,0.0
140,refrigeration,test_utility_1,test_utility_2,multifamily_li,0,30000.0,0.0,6000.0,24000.0,0.0,0.0,0.0,0.0,0.0,0.0,0.0,0.0,0.0,0.0,0.0,0.0,0.0,0.0,0.0,0.0,0.0,0.0,0.0,0.0,0.0
141,refrigeration,test_utility_1,test_utility_2,multifamily_li,1,30000.0,0.0,4200.0,23721.973398711878,2078.0266012881225,0.0,0.0,1543.5694086436733,1456.4305913563267,0.0,0.0,578.403990068204,621.596009931796,0.0,0.0,0.0,0.0,0.0,0.0,0.0,0.0,0.0,0.0,0.0,0.0
142,refrigeration,test_utility_1,test_utility_2,multifamily_li,2,30000.000000000004,0.0,3150.0,23072.688360283813,3777.311639716189,0.0,0.0,1389.212467779306,1310.787532220694,0.0,0.0,361.50249379262755,388.49750620737245,0.0,0.0,0.0,0.0,0.0,0.0,0.0,0.0,0.0,0.0,0.0,0.0
143,refrigeration,test_utility_1,test_utility_2,multifamily_li,3,30000.000000000004,0.0,2400.0,22273.92435266504,5326.075647334965,0.0,0.0,1312.0339973471225,1237.9660026528775,0.0,0.0,289.201995034102,310.798004965898,0.0,0.0,0.0,0.0,0.0,0.0,0.0,0.0,0.0,0.0,0.0,0.0
144,refrigeration,test_utility_1,test_utility_2,multifamily_li,4,30000.0,0.0,1762.5,21418.495985140537,6819.0040148594635,0.0,0.0,1273.4447621310305,1201.5552378689695,0.0,0.0,271.12687034447066,291.37312965552934,0.0,0.0,0.0,0.0,0.0,0.0,0.0,0.0,0.0,0.0,0.0,0.0
145,refrigeration,test_utility_1,test_utility_2,multifamily_li,5,30000.0,0.0,1162.5,20543.773000007994,8293.726999992008,0.0,0.0,1254.1501445229846,1183.3498554770154,0.0,0.0,271.12687034447066,291.37312965552934,0.0,0.0,0.0,0.0,0.0,0.0,0.0,0.0,0.0,0.0,0.0,0.0
146,refrigeration,test_utility_1,test_utility_2,multifamily_li,6,30000.000000000004,0.0,562.5,19669.05001487545,9768.449985124553,0.0,0.0,1254.1501445229846,1183.3498554770154,0.0,0.0,271.12687034447066,291.37312965552934,0.0,0.0,0.0,0.0,0.0,0.0,0.0,0.0,0.0,0.0,0.0,0.0
147,refrigeration,test_utility_1,test_utility_2,multifamily_li,7,30000.0,0.0,262.5,18649.72603222585,11087.773967774148,0.0,0.0,1254.1501445229846,1183.3498554770154,0.0,0.0,126.52587282741965,135.97412717258035,0.0,0.0,0.0,0.0,0.0,0.0,0.0,0.0,0.0,0.0,0.0,0.0
148,refrigeration,test_utility_1,test_utility_2,multifamily_li,8,30000.0,0.0,112.5,17558.10155081773,12329.39844918227,0.0,0.0,1254.1501445229846,1183.3498554770154,0.0,0.0,54.22537406889413,58.27462593110587,0.0,0.0,0.0,0.0,0.0,0.0,0.0,0.0,0.0,0.0,0.0,0.0
149,refrigeration,test_utility_1,test_utility_2,multifamily_li,9,30000.0,0.0,37.5,16430.326820030346,13532.173179969654,0.0,0.0,1254.1501445229846,1183.3498554770154,0.0,0.0,18.075124689631377,19.424875310368623,0.0,0.0,0.0,0.0,0.0,0.0,0.0,0.0,0.0,0.0,0.0,0.0
150,refrigeration,test_utility_1,test_utility_2,multifamily_li,10,30000.0,0.0,0.0,15284.47696455333,14715.52303544667,0.0,0.0,1254.1501445229846,1183.3498554770154,0.0,0.0,0.0,0.0,0.0,0.0,0.0,0.0,0.0,0.0,0.0,0.0,0.0,0.0,0.0,0.0
151,refrigeration,test_utility_1,test_utility_2,multifamily_li,11,30000.0,0.0,0.0,15323.500737942597,14676.499262057403,0.0,0.0,2160.997172101143,2039.0028278988573,0.0,0.0,0.0,0.0,0.0,0.0,0.0,0.0,0.0,0.0,0.0,0.0,0.0,0.0,0.0,0.0
152,refrigeration,test_utility_1,test_utility_2,multifamily_li,12,30000.0,0.0,0.0,15347.890596310888,14652.109403689112,0.0,0.0,1775.1048199402244,1674.8951800597756,0.0,0.0,0.0,0.0,0.0,0.0,0.0,0.0,0.0,0.0,0.0,0.0,0.0,0.0,0.0,0.0
153,refrigeration,test_utility_1,test_utility_2,multifamily_li,13,30000.0,0.0,0.0,15367.40248300552,14632.59751699448,0.0,0.0,1620.747879075857,1529.252120924143,0.0,0.0,0.0,0.0,0.0,0.0,0.0,0.0,0.0,0.0,0.0,0.0,0.0,0.0,0.0,0.0
154,refrigeration,test_utility_1,test_utility_2,multifamily_li,14,30000.0,0.0,0.0,15385.694876781738,14614.305123218262,0.0,0.0,1562.8640262517195,1474.6359737482805,0.0,0.0,0.0,0.0,0.0,0.0,0.0,0.0,0.0,0.0,0.0,0.0,0.0,0.0,0.0,0.0
155,refrigeration,test_utility_1,test_utility_2,multifamily_li,15,30000.0,0.0,0.0,15403.987270557956,14596.012729442045,0.0,0.0,1543.5694086436733,1456.4305913563267,0.0,0.0,0.0,0.0,0.0,0.0,0.0,0.0,0.0,0.0,0.0,0.0,0.0,0.0,0.0,0.0
156,refrigeration,test_utility_1,test_utility_2,multifamily_li,16,30000.0,0.0,0.0,15422.279664334174,14577.720335665828,0.0,0.0,1543.5694086436733,1456.4305913563267,0.0,0.0,0.0,0.0,0.0,0.0,0.0,0.0,0.0,0.0,0.0,0.0,0.0,0.0,0.0,0.0
157,refrigeration,test_utility_1,test_utility_2,multifamily_li,17,30000.0,0.0,0.0,15430.816114763074,14569.183885236926,0.0,0.0,1389.212467779306,1310.787532220694,0.0,0.0,0.0,0.0,0.0,0.0,0.0,0.0,0.0,0.0,0.0,0.0,0.0,0.0,0.0,0.0
158,refrigeration,test_utility_1,test_utility_2,multifamily_li,18,30000.0,0.0,0.0,15434.47459351832,14565.52540648168,0.0,0.0,1312.0339973471225,1237.9660026528775,0.0,0.0,0.0,0.0,0.0,0.0,0.0,0.0,0.0,0.0,0.0,0.0,0.0,0.0,0.0,0.0
159,refrigeration,test_utility_1,test_utility_2,multifamily_li,19,30000.0,0.0,0.0,15435.694086436735,14564.305913563265,0.0,0.0,1273.4447621310305,1201.5552378689695,0.0,0.0,0.0,0.0,0.0,0.0,0.0,0.0,0.0,0.0,0.0,0.0,0.0,0.0,0.0,0.0
160,refrigeration,test_utility_1,none,single_family,0,687500.0,0.0,137500.0,550000.0,0.0,0.0,0.0,0.0,0.0,0.0,0.0,0.0,0.0,0.0,0.0,0.0,0.0,0.0,0.0,0.0,0.0,0.0,0.0,0.0,0.0
161,refrigeration,test_utility_1,none,single_family,1,687500.0,0.0,96250.0,543587.669230405,47662.33076959504,0.0,0.0,35261.10675650336,33488.89324349664,0.0,0.0,13326.5624739016,14173.4375260984,0.0,0.0,0.0,0.0,0.0,0.0,0.0,0.0,0.0,0.0,0.0,0.0
162,refrigeration,test_utility_1,none,single_family,2,687499.9999999999,0.0,72187.5,528651.7668574464,86660.73314255352,0.0,0.0,31734.99608085302,30140.00391914698,0.0,0.0,8329.1015461885,8858.3984538115,0.0,0.0,0.0,0.0,0.0,0.0,0.0,0.0,0.0,0.0,0.0,0.0
163,refrigeration,test_utility_1,none,single_family,3,687500.0,0.0,55000.0,510286.98883742513,122213.01116257487,0.0,0.0,29971.94074302785,28465.55925697215,0.0,0.0,6663.2812369508,7086.7187630492,0.0,0.0,0.0,0.0,0.0,0.0,0.0,0.0,0.0,0.0,0.0,0.0
164,refrigeration,test_utility_1,none,single_family,4,687500.0,0.0,40390.625,490624.2280711818,156485.14692881823,0.0,0.0,29090.41307411527,27628.33692588473,0.0,0.0,6246.826159641375,6643.798840358625,0.0,0.0,0.0,0.0,0.0,0.0,0.0,0.0,0.0,0.0,0.0,0.0
165,refrigeration,test_utility_1,none,single_family,5,687500.0,0.0,26640.625,470520.70347048214,190338.67152951786,0.0,0.0,28649.64923965898,27209.72576034102,0.0,0.0,6246.826159641375,6643.798840358625,0.0,0.0,0.0,0.0,0.0,0.0,0.0,0.0,0.0,0.0,0.0,0.0
166,refrigeration,test_utility_1,none,single_family,6,687500.0,0.0,12890.625,450417.1788697825,224192.19613021752,0.0,0.0,28649.64923965898,27209.72576034102,0.0,0.0,6246.826159641375,6643.798840358625,0.0,0.0,0.0,0.0,0.0,0.0,0.0,0.0,0.0,0.0,0.0,0.0
167,refrigeration,test_utility_1,none,single_family,7,687500.0,0.0,6015.625,426982.01365060743,254502.36134939257,0.0,0.0,28649.64923965898,27209.72576034102,0.0,0.0,2915.185541165975,3100.439458834025,0.0,0.0,0.0,0.0,0.0,0.0,0.0,0.0,0.0,0.0,0.0,0.0
168,refrigeration,test_utility_1,none,single_family,8,687500.0,0.0,2578.125,401881.0281221947,283040.8468778053,0.0,0.0,28649.64923965898,27209.72576034102,0.0,0.0,1249.365231928275,1328.759768071725,0.0,0.0,0.0,0.0,0.0,0.0,0.0,0.0,0.0,0.0,0.0,0.0
169,refrigeration,test_utility_1,none,single_family,9,687500.0,0.0,859.375,375947.1324391631,310693.49256083695,0.0,0.0,28649.64923965898,27209.72576034102,0.0,0.0,416.455077309425,442.919922690575,0.0,0.0,0.0,0.0,0.0,0.0,0.0,0.0,0.0,0.0,0.0,0.0
170,refrigeration,test_utility_1,none,single_family,10,687500.0,0.0,0.0,349596.78167882207,337903.21832117793,0.0,0.0,28649.64923965898,27209.72576034102,0.0,0.0,0.0,0.0,0.0,0.0,0.0,0.0,0.0,0.0,0.0,0.0,0.0,0.0,0.0,0.0
171,refrigeration,test_utility_1,none,single_family,11,687500.0,0.0,0.0,350374.6619075218,337125.3380924782,0.0,0.0,49365.549459104695,46884.450540895305,0.0,0.0,0.0,0.0,0.0,0.0,0.0,0.0,0.0,0.0,0.0,0.0,0.0,0.0,0.0,0.0
172,refrigeration,test_utility_1,none,single_family,12,687500.0,0.0,0.0,350860.8370504591,336639.1629495409,0.0,0.0,40550.27276997886,38512.22723002114,0.0,0.0,0.0,0.0,0.0,0.0,0.0,0.0,0.0,0.0,0.0,0.0,0.0,0.0,0.0,0.0
173,refrigeration,test_utility_1,none,single_family,13,687500.0,0.0,0.0,351249.777164809,336250.222835191,0.0,0.0,37024.16209432852,35163.33790567148,0.0,0.0,0.0,0.0,0.0,0.0,0.0,0.0,0.0,0.0,0.0,0.0,0.0,0.0,0.0,0.0
174,refrigeration,test_utility_1,none,single_family,14,687500.0,0.0,0.0,351614.408522012,335885.591477988,0.0,0.0,35701.87059095965,33907.50440904035,0.0,0.0,0.0,0.0,0.0,0.0,0.0,0.0,0.0,0.0,0.0,0.0,0.0,0.0,0.0,0.0
175,refrigeration,test_utility_1,none,single_family,15,687500.0,0.0,0.0,351979.039879215,335520.960120785,0.0,0.0,35261.10675650336,33488.89324349664,0.0,0.0,0.0,0.0,0.0,0.0,0.0,0.0,0.0,0.0,0.0,0.0,0.0,0.0,0.0,0.0
176,refrigeration,test_utility_1,none,single_family,16,687500.0,0.0,0.0,352343.671236418,335156.328763582,0.0,0.0,35261.10675650336,33488.89324349664,0.0,0.0,0.0,0.0,0.0,0.0,0.0,0.0,0.0,0.0,0.0,0.0,0.0,0.0,0.0,0.0
177,refrigeration,test_utility_1,none,single_family,17,687500.0,0.0,0.0,352513.83253644605,334986.16746355395,0.0,0.0,31734.99608085302,30140.00391914698,0.0,0.0,0.0,0.0,0.0,0.0,0.0,0.0,0.0,0.0,0.0,0.0,0.0,0.0,0.0,0.0
178,refrigeration,test_utility_1,none,single_family,18,687500.0,0.0,0.0,352586.7588078866,334913.2411921134,0.0,0.0,29971.94074302785,28465.55925697215,0.0,0.0,0.0,0.0,0.0,0.0,0.0,0.0,0.0,0.0,0.0,0.0,0.0,0.0,0.0,0.0
179,refrigeration,test_utility_1,none,single_family,19,687500.0,0.0,0.0,352611.06756503356,334888.93243496644,0.0,0.0,29090.41307411527,27628.33692588473,0.0,0.0,0.0,0.0,0.0,0.0,0.0,0.0,0.0,0.0,0.0,0.0,0.0,0.0,0.0,0.0
180,refrigeration,test_utility_1,none,multifamily,0,141000.0,0.0,28200.0,112800.0,0.0,0.0,0.0,0.0,0.0,0.0,0.0,0.0,0.0,0.0,0.0,0.0,0.0,0.0,0.0,0.0,0.0,0.0,0.0,0.0,0.0
181,refrigeration,test_utility_1,none,multifamily,1,141000.0,0.0,19740.0,111490.18891260508,9769.81108739492,0.0,9.094947017729282e-13,7252.09470376413,6847.905296235869,0.0,0.0,2718.094208840948,2921.905791159052,0.0,0.0,0.0,0.0,0.0,0.0,0.0,0.0,0.0,0.0,0.0,0.0
182,refrigeration,test_utility_1,none,multifamily,2,141000.0,0.0,14805.0,108435.8830265184,17759.11697348161,0.0,9.094947017729282e-13,6526.885233387717,6163.114766612282,0.0,0.0,1698.8088805255925,1826.1911194744075,0.0,0.0,0.0,0.0,0.0,0.0,0.0,0.0,0.0,0.0,0.0,0.0
183,refrigeration,test_utility_1,none,multifamily,3,141000.0,0.0,11280.0,104679.21062913837,25040.789370861625,0.0,9.094947017729282e-13,6164.2804981995105,5820.719501800489,0.0,0.0,1359.047104420474,1460.952895579526,0.0,0.0,0.0,0.0,0.0,0.0,0.0,0.0,0.0,0.0,0.0,0.0
184,refrigeration,test_utility_1,none,multifamily,4,141000.0,0.0,8283.750000000004,100656.29542013798,32059.954579862024,0.0,0.0,5982.978130605407,5649.521869394593,0.0,0.0,1274.1066603941943,1369.6433396058057,0.0,0.0,0.0,0.0,0.0,0.0,0.0,0.0,0.0,0.0,0.0,0.0
185,refrigeration,test_utility_1,none,multifamily,5,141000.0,0.0,5463.750000000004,96542.72902734052,38993.52097265948,0.0,9.094947017729282e-13,5892.326946808355,5563.923053191644,0.0,0.0,1274.1066603941943,1369.6433396058057,0.0,0.0,0.0,0.0,0.0,0.0,0.0,0.0,0.0,0.0,0.0,0.0
186,refrigeration,test_utility_1,none,multifamily,6,141000.0,0.0,2643.7500000000045,92429.16263454307,45927.08736545692,0.0,9.094947017729282e-13,5892.326946808355,5563.923053191644,0.0,0.0,1274.1066603941943,1369.6433396058057,0.0,0.0,0.0,0.0,0.0,0.0,0.0,0.0,0.0,0.0,0.0,0.0
187,refrigeration,test_utility_1,none,multifamily,7,141000.0,0.0,1233.750000000005,87636.07268953539,52130.17731046461,0.0,9.094947017729282e-13,5892.326946808355,5563.923053191644,0.0,0.0,594.5831081839575,639.166891816043,0.0,0.0,0.0,0.0,0.0,0.0,0.0,0.0,0.0,0.0,0.0,0.0
188,refrigeration,test_utility_1,none,multifamily,8,141000.0,0.0,528.7500000000052,82503.22096842257,57968.02903157742,0.0,9.094947017729282e-13,5892.326946808355,5563.923053191644,0.0,0.0,254.8213320788392,273.9286679211615,0.0,0.0,0.0,0.0,0.0,0.0,0.0,0.0,0.0,0.0,0.0,0.0
189,refrigeration,test_utility_1,none,multifamily,9,141000.0,0.0,176.25000000000534,77200.48835925722,63623.261640742785,0.0,9.094947017729282e-13,5892.326946808355,5563.923053191644,0.0,0.0,84.94044402628,91.30955597372079,0.0,0.0,0.0,0.0,0.0,0.0,0.0,0.0,0.0,0.0,0.0,0.0
190,refrigeration,test_utility_1,none,multifamily,10,141000.0,0.0,5.8548721426632255e-12,71812.81530606557,69187.18469393443,0.0,9.094947017729282e-13,5892.326946808355,5563.923053191644,0.0,0.0,1.9176247753793936e-13,2.0614145448771675e-13,0.0,0.0,0.0,0.0,0.0,0.0,0.0,0.0,0.0,0.0,0.0,0.0
191,refrigeration,test_utility_1,none,multifamily,11,140999.99999999997,0.0,6.991740519879386e-12,71995.55897873026,69004.44102126971,0.0,1.8189894035458565e-12,10152.932585269782,9587.067414730216,0.0,0.0,3.013410361310476e-13,3.2393657133784057e-13,0.0,0.0,0.0,0.0,0.0,0.0,0.0,0.0,0.0,0.0,0.0,0.0
192,refrigeration,test_utility_1,none,multifamily,12,141000.0,0.0,6.195932655828074e-12,72109.77377414571,68890.22622585428,0.0,0.0,8339.90890932875,7875.091090671249,0.0,0.0,3.5613031542760166e-13,3.8283412976290254e-13,0.0,0.0,0.0,0.0,0.0,0.0,0.0,0.0,0.0,0.0,0.0,0.0
193,refrigeration,test_utility_1,none,multifamily,13,141000.0,0.0,6.252776074688882e-12,72201.14561047807,68798.85438952193,0.0,9.094947017729282e-13,7614.699438952336,7190.300561047663,0.0,0.0,3.835249550758787e-13,4.122829089754335e-13,0.0,0.0,0.0,0.0,0.0,0.0,0.0,0.0,0.0,0.0,0.0,0.0
194,refrigeration,test_utility_1,none,multifamily,14,141000.0,0.0,5.4001247917767614e-12,72286.80670703965,68713.19329296035,0.0,0.0,7342.745887561182,6933.504112438818,0.0,0.0,4.1091959472415577e-13,4.4173168818796445e-13,0.0,0.0,0.0,0.0,0.0,0.0,0.0,0.0,0.0,0.0,0.0,0.0
195,refrigeration,test_utility_1,none,multifamily,15,141000.0,0.0,5.4001247917767614e-12,72372.46780360123,68627.53219639877,0.0,9.094947017729282e-13,7252.09470376413,6847.905296235869,0.0,0.0,4.1091959472415577e-13,4.4173168818796445e-13,0.0,0.0,0.0,0.0,0.0,0.0,0.0,0.0,0.0,0.0,0.0,0.0
196,refrigeration,test_utility_1,none,multifamily,16,141000.0,0.0,5.4001247917767614e-12,72458.1289001628,68541.87109983718,0.0,9.094947017729282e-13,7252.09470376413,6847.905296235869,0.0,0.0,4.1091959472415577e-13,4.4173168818796445e-13,0.0,0.0,0.0,0.0,0.0,0.0,0.0,0.0,0.0,0.0,0.0,0.0
197,refrigeration,test_utility_1,none,multifamily,17,141000.0,0.0,4.945377440890297e-12,72498.10407855822,68501.89592144178,0.0,9.094947017729282e-13,6526.885233387717,6163.114766612282,0.0,0.0,6.300767119103722e-13,6.773219218882122e-13,0.0,0.0,0.0,0.0,0.0,0.0,0.0,0.0,0.0,0.0,0.0,0.0
198,refrigeration,test_utility_1,none,multifamily,18,141000.0,0.0,5.172751116333529e-12,72515.23629787052,68484.76370212946,0.0,9.094947017729282e-13,6164.2804981995105,5820.719501800489,0.0,0.0,3.013410361310476e-13,3.2393657133784057e-13,0.0,0.0,0.0,0.0,0.0,0.0,0.0,0.0,0.0,0.0,0.0,0.0
199,refrigeration,test_utility_1,none,multifamily,19,141000.0,0.0,4.376943252282217e-12,72520.94703764131,68479.05296235869,0.0,0.0,5982.978130605407,5649.521869394593,0.0,0.0,3.5613031542760166e-13,3.8283412976290254e-13,0.0,0.0,0.0,0.0,0.0,0.0,0.0,0.0,0.0,0.0,0.0,0.0
200,refrigeration,test_utility_1,none,single_family_li,0,47500.0,0.0,9500.0,38000.0,0.0,0.0,0.0,0.0,0.0,0.0,0.0,0.0,0.0,0.0,0.0,0.0,0.0,0.0,0.0,0.0,0.0,0.0,0.0,0.0,0.0
201,refrigeration,test_utility_1,none,single_family_li,1,47500.0,0.0,6650.0,37556.96623773707,3293.0337622629304,0.0,0.0,2436.2219213584135,2313.7780786415865,0.0,0.0,920.744316378656,979.255683621344,0.0,0.0,0.0,0.0,0.0,0.0,0.0,0.0,0.0,0.0,0.0,0.0
202,refrigeration,test_utility_1,none,single_family_li,2,47500.0,0.0,4987.5,36525.0311646963,5987.468835303698,0.0,0.0,2192.5997292225725,2082.4002707774275,0.0,0.0,575.46519773666,612.03480226334,0.0,0.0,0.0,0.0,0.0,0.0,0.0,0.0,0.0,0.0,0.0,0.0
203,refrigeration,test_utility_1,none,single_family_li,3,47500.0,0.0,3800.0,35256.19195604028,8443.808043959718,0.0,2.2737367544323206e-13,2070.7886331546515,1966.7113668453483,0.0,0.0,460.372158189328,489.627841810672,0.0,0.0,0.0,0.0,0.0,0.0,0.0,0.0,0.0,0.0,0.0,0.0
204,refrigeration,test_utility_1,none,single_family_li,4,47500.0,0.0,2790.625,33897.673939463464,10811.701060536532,0.0,0.0,2009.8830851206912,1908.8669148793088,0.0,0.0,431.598898302495,459.026101697505,0.0,0.0,0.0,0.0,0.0,0.0,0.0,0.0,0.0,0.0,0.0,0.0
205,refrigeration,test_utility_1,none,single_family_li,5,47500.0,0.0,1840.6250000000002,32508.703148869674,13150.671851130326,0.0,0.0,1979.4303111037111,1879.9446888962889,0.0,0.0,431.598898302495,459.026101697505,0.0,0.0,0.0,0.0,0.0,0.0,0.0,0.0,0.0,0.0,0.0,0.0
206,refrigeration,test_utility_1,none,single_family_li,6,47500.0,0.0,890.6250000000002,31119.73235827588,15489.64264172412,0.0,0.0,1979.4303111037111,1879.9446888962889,0.0,0.0,431.598898302495,459.026101697505,0.0,0.0,0.0,0.0,0.0,0.0,0.0,0.0,0.0,0.0,0.0,0.0
207,refrigeration,test_utility_1,none,single_family_li,7,47500.0,0.0,415.6250000000002,29500.575488587423,17583.799511412577,0.0,0.0,1979.4303111037111,1879.9446888962889,0.0,0.0,201.412819207831,214.212180792169,0.0,0.0,0.0,0.0,0.0,0.0,0.0,0.0,0.0,0.0,0.0,0.0
208,refrigeration,test_utility_1,none,single_family_li,8,47500.0,0.0,178.12500000000023,27766.325579351633,19555.549420648367,0.0,0.0,1979.4303111037111,1879.9446888962889,0.0,0.0,86.319779660499,91.805220339501,0.0,0.0,0.0,0.0,0.0,0.0,0.0,0.0,0.0,0.0,0.0,0.0
209,refrigeration,test_utility_1,none,single_family_li,9,47500.0,0.0,59.375000000000114,25974.529150342176,21466.095849657824,0.0,0.0,1979.4303111037111,1879.9446888962889,0.0,0.0,28.773259886833056,30.601740113167057,0.0,0.0,0.0,0.0,0.0,0.0,0.0,0.0,0.0,0.0,0.0,0.0
210,refrigeration,test_utility_1,none,single_family_li,10,47500.0,0.0,5.684341886080802e-14,24153.95946144589,23346.040538554113,0.0,0.0,1979.4303111037111,1879.9446888962889,0.0,0.0,2.754644991558962e-14,2.9296968945218396e-14,0.0,0.0,0.0,0.0,0.0,0.0,0.0,0.0,0.0,0.0,0.0,0.0
211,refrigeration,test_utility_1,none,single_family_li,11,47500.0,0.0,2.842170943040401e-14,24207.703913610596,23292.296086389404,0.0,0.0,3410.710689901779,3239.289310098221,0.0,0.0,1.377322495779481e-14,1.4648484472609198e-14,0.0,0.0,0.0,0.0,0.0,0.0,0.0,0.0,0.0,0.0,0.0,0.0
212,refrigeration,test_utility_1,none,single_family_li,12,47500.0,0.0,1.4210854715202004e-14,24241.294196213537,23258.705803786463,0.0,0.0,2801.655209562176,2660.844790437824,0.0,0.0,6.886612478897405e-15,7.324242236304599e-15,0.0,0.0,0.0,0.0,0.0,0.0,0.0,0.0,0.0,0.0,0.0,0.0
213,refrigeration,test_utility_1,none,single_family_li,13,47500.0,0.0,0.0,24268.166422295893,23231.833577704107,0.0,0.0,2558.0330174263345,2429.4669825736655,0.0,0.0,0.0,0.0,0.0,0.0,0.0,0.0,0.0,0.0,0.0,0.0,0.0,0.0,0.0,0.0
214,refrigeration,test_utility_1,none,single_family_li,14,47500.0,0.0,0.0,24293.3591342481,23206.6408657519,0.0,0.0,2466.674695375394,2342.700304624606,0.0,0.0,0.0,0.0,0.0,0.0,0.0,0.0,0.0,0.0,0.0,0.0,0.0,0.0,0.0,0.0
215,refrigeration,test_utility_1,none,single_family_li,15,47500.0,0.0,0.0,24318.55184620031,23181.44815379969,0.0,0.0,2436.2219213584135,2313.7780786415865,0.0,0.0,0.0,0.0,0.0,0.0,0.0,0.0,0.0,0.0,0.0,0.0,0.0,0.0,0.0,0.0
216,refrigeration,test_utility_1,none,single_family_li,16,47500.0,0.0,0.0,24343.744558152517,23156.255441847483,0.0,0.0,2436.2219213584135,2313.7780786415865,0.0,0.0,0.0,0.0,0.0,0.0,0.0,0.0,0.0,0.0,0.0,0.0,0.0,0.0,0.0,0.0
217,refrigeration,test_utility_1,none,single_family_li,17,47500.0,0.0,0.0,24355.501157063547,23144.498842936453,0.0,0.0,2192.5997292225725,2082.4002707774275,0.0,0.0,0.0,0.0,0.0,0.0,0.0,0.0,0.0,0.0,0.0,0.0,0.0,0.0,0.0,0.0
218,refrigeration,test_utility_1,none,single_family_li,18,47500.0,0.0,2.2737367544323206e-13,24360.53969945399,23139.46030054601,0.0,2.2737367544323206e-13,2070.7886331546515,1966.7113668453483,0.0,0.0,0.0,0.0,0.0,0.0,0.0,0.0,0.0,0.0,0.0,0.0,0.0,0.0,0.0,0.0
219,refrigeration,test_utility_1,none,single_family_li,19,47500.0,0.0,2.2737367544323206e-13,24362.21921358414,23137.78078641586,0.0,0.0,2009.8830851206912,1908.8669148793088,0.0,0.0,0.0,0.0,0.0,0.0,0.0,0.0,0.0,0.0,0.0,0.0,0.0,0.0,0.0,0.0
220,refrigeration,test_utility_1,none,multifamily_li,0,21000.0,0.0,4200.0,16800.0,0.0,0.0,0.0,0.0,0.0,0.0,0.0,0.0,0.0,0.0,0.0,0.0,0.0,0.0,0.0,0.0,0.0,0.0,0.0,0.0,0.0
221,refrigeration,test_utility_1,none,multifamily_li,1,21000.0,0.0,2940.0,16604.921752941184,1455.078247058818,0.0,0.0,1080.099211198913,1019.900788801087,0.0,0.0,404.8225417422688,435.1774582577312,0.0,0.0,0.0,0.0,0.0,0.0,0.0,0.0,0.0,0.0,0.0,0.0
222,refrigeration,test_utility_1,none,multifamily_li,2,21000.0,0.0,2205.0,16150.025131609122,2644.9748683908783,0.0,1.1368683772161603e-13,972.0892900790217,917.9107099209782,0.0,0.0,253.014088588918,271.985911411082,0.0,0.0,0.0,0.0,0.0,0.0,0.0,0.0,0.0,0.0,0.0,0.0
223,refrigeration,test_utility_1,none,multifamily_li,3,21000.0,0.0,1680.0,15590.520731999331,3729.4792680006676,0.0,1.1368683772161603e-13,918.084329519076,866.9156704809238,0.0,0.0,202.4112708711344,217.5887291288656,0.0,0.0,0.0,0.0,0.0,0.0,0.0,0.0,0.0,0.0,0.0,0.0
224,refrigeration,test_utility_1,none,multifamily_li,4,21000.0,0.0,1233.7500000000005,14991.363147680124,4774.886852319876,0.0,1.1368683772161603e-13,891.0818492391032,841.4181507608967,0.0,0.0,189.76056644168852,203.98943355831148,0.0,0.0,0.0,0.0,0.0,0.0,0.0,0.0,0.0,0.0,0.0,0.0
225,refrigeration,test_utility_1,none,multifamily_li,5,21000.0,0.0,813.7500000000003,14378.704323220929,5807.545676779071,0.0,0.0,877.5806090991168,828.6693909008832,0.0,0.0,189.76056644168852,203.98943355831148,0.0,0.0,0.0,0.0,0.0,0.0,0.0,0.0,0.0,0.0,0.0,0.0
226,refrigeration,test_utility_1,none,multifamily_li,6,21000.0,0.0,393.75000000000034,13766.045498761734,6840.204501238266,0.0,0.0,877.5806090991168,828.6693909008832,0.0,0.0,189.76056644168852,203.98943355831148,0.0,0.0,0.0,0.0,0.0,0.0,0.0,0.0,0.0,0.0,0.0,0.0
227,refrigeration,test_utility_1,none,multifamily_li,7,21000.0,0.0,183.75000000000034,13052.181038866973,7764.068961133028,0.0,0.0,877.5806090991168,828.6693909008832,0.0,0.0,88.55493100612131,95.19506899387869,0.0,0.0,0.0,0.0,0.0,0.0,0.0,0.0,0.0,0.0,0.0,0.0
228,refrigeration,test_utility_1,none,multifamily_li,8,21000.0,0.0,78.75000000000028,12287.713761254428,8633.536238745573,0.0,0.0,877.5806090991168,828.6693909008832,0.0,0.0,37.95211328833773,40.79788671166233,0.0,0.0,0.0,0.0,0.0,0.0,0.0,0.0,0.0,0.0,0.0,0.0
229,refrigeration,test_utility_1,none,multifamily_li,9,21000.0,0.0,26.2500000000002,11497.94507478299,9475.80492521701,0.0,0.0,877.5806090991168,828.6693909008832,0.0,0.0,12.650704429445941,13.599295570554144,0.0,0.0,0.0,0.0,0.0,0.0,0.0,0.0,0.0,0.0,0.0,0.0
230,refrigeration,test_utility_1,none,multifamily_li,10,21000.0,0.0,9.947598300641403e-14,10695.525683882108,10304.474316117892,0.0,0.0,877.5806090991168,828.6693909008832,0.0,0.0,4.794061938448484e-14,5.1535363621929187e-14,0.0,0.0,0.0,0.0,0.0,0.0,0.0,0.0,0.0,0.0,0.0,0.0
231,refrigeration,test_utility_1,none,multifamily_li,11,21000.0,0.0,2.7711166694643907e-13,10722.742826619404,10277.257173380596,0.0,2.2737367544323206e-13,1512.138895678478,1427.8611043215217,0.0,0.0,2.397030969224242e-14,2.5767681810964593e-14,0.0,0.0,0.0,0.0,0.0,0.0,0.0,0.0,0.0,0.0,0.0,0.0
232,refrigeration,test_utility_1,none,multifamily_li,12,21000.0,0.0,2.4868995751603507e-13,10739.753540830214,10260.246459169786,0.0,0.0,1242.11409287875,1172.88590712125,0.0,0.0,1.0272989868103894e-14,1.1043292204699112e-14,0.0,0.0,0.0,0.0,0.0,0.0,0.0,0.0,0.0,0.0,0.0,0.0
233,refrigeration,test_utility_1,none,multifamily_li,13,21000.0,0.0,2.3447910280083306e-13,10753.362112198862,10246.637887801138,0.0,0.0,1134.1041717588587,1070.8958282411413,0.0,0.0,3.4243299560346315e-15,3.68109740156637e-15,0.0,0.0,0.0,0.0,0.0,0.0,0.0,0.0,0.0,0.0,0.0,0.0
234,refrigeration,test_utility_1,none,multifamily_li,14,21000.0,0.0,4.547473508864641e-13,10766.120147856967,10233.87985214303,0.0,2.2737367544323206e-13,1093.6004513388993,1032.6495486611004,0.0,0.0,0.0,0.0,0.0,0.0,0.0,0.0,0.0,0.0,0.0,0.0,0.0,0.0,0.0,0.0
235,refrigeration,test_utility_1,none,multifamily_li,15,21000.0,0.0,4.547473508864641e-13,10778.878183515077,10221.121816484923,0.0,0.0,1080.099211198913,1019.900788801087,0.0,0.0,0.0,0.0,0.0,0.0,0.0,0.0,0.0,0.0,0.0,0.0,0.0,0.0,0.0,0.0
236,refrigeration,test_utility_1,none,multifamily_li,16,21000.0,0.0,4.547473508864641e-13,10791.636219173184,10208.363780826816,0.0,0.0,1080.099211198913,1019.900788801087,0.0,0.0,0.0,0.0,0.0,0.0,0.0,0.0,0.0,0.0,0.0,0.0,0.0,0.0,0.0,0.0
237,refrigeration,test_utility_1,none,multifamily_li,17,21000.0,0.0,4.547473508864641e-13,10797.589969146968,10202.410030853032,0.0,1.1368683772161603e-13,972.0892900790217,917.9107099209782,0.0,0.0,5.4789279296554104e-14,5.889755842506193e-14,0.0,0.0,0.0,0.0,0.0,0.0,0.0,0.0,0.0,0.0,0.0,0.0
238,refrigeration,test_utility_1,none,multifamily_li,18,21000.0,0.0,5.115907697472721e-13,10800.14157627859,10199.85842372141,0.0,1.1368683772161603e-13,918.084329519076,866.9156704809238,0.0,0.0,2.7394639648277052e-14,2.944877921253096e-14,0.0,0.0,0.0,0.0,0.0,0.0,0.0,0.0,0.0,0.0,0.0,0.0
239,refrigeration,test_utility_1,none,multifamily_li,19,21000.0,0.0,5.968558980384842e-13,10800.99211198913,10199.00788801087,0.0,1.1368683772161603e-13,891.0818492391032,841.4181507608967,0.0,0.0,1.3697319824138526e-14,1.472438960626548e-14,0.0,0.0,0.0,0.0,0.0,0.0,0.0,0.0,0.0,0.0,0.0,0.0
